requestId,source,destination,category,urgency,timeSubmitted,deadline,status
1,20,51,ELECTRICAL,3,2026-08-12 17:39:00,2026-08-14 02:39:00,ASSIGNED
2,28,51,SECURITY,1,2026-08-06 19:14:00,2026-08-09 21:14:00,PENDING
3,8,18,MEDICAL,5,2026-08-08 16:57:00,2026-08-10 07:57:00,IN_PROGRESS
4,25,49,CATERING,4,2026-08-12 16:57:00,2026-08-14 05:57:00,ASSIGNED
5,50,15,MAINTENANCE,4,2026-08-07 13:12:00,2026-08-09 16:12:00,IN_PROGRESS
6,48,3,MAINTENANCE,1,2026-08-04 15:35:00,2026-08-06 22:35:00,PENDING
7,37,11,IT_SUPPORT,5,2026-08-01 06:47:00,2026-08-03 19:47:00,PENDING
8,14,25,CLEANING,4,2026-08-04 18:08:00,2026-08-06 06:08:00,PENDING
9,27,20,MEDICAL,1,2026-08-10 12:44:00,2026-08-12 23:44:00,PENDING
10,5,19,MEDICAL,3,2026-08-12 17:36:00,2026-08-13 07:36:00,ASSIGNED
11,38,43,PLUMBING,5,2026-08-05 12:37:00,2026-08-07 07:37:00,ASSIGNED
12,26,4,TRANSPORT,2,2026-08-09 10:54:00,2026-08-11 16:54:00,COMPLETED
13,17,50,CLEANING,1,2026-08-14 09:54:00,2026-08-17 20:54:00,PENDING
14,45,47,MAINTENANCE,2,2026-08-11 11:23:00,2026-08-14 17:23:00,COMPLETED
15,9,32,TRANSPORT,4,2026-08-01 09:57:00,2026-08-04 19:57:00,COMPLETED
16,4,3,PLUMBING,1,2026-08-07 19:34:00,2026-08-10 04:34:00,PENDING
17,38,37,CLEANING,1,2026-08-10 08:55:00,2026-08-13 02:55:00,CANCELLED
18,28,36,TRANSPORT,5,2026-08-03 16:51:00,2026-08-06 19:51:00,COMPLETED
19,16,48,CLEANING,4,2026-08-03 18:53:00,2026-08-04 13:53:00,COMPLETED
20,43,31,CLEANING,1,2026-08-02 13:11:00,2026-08-05 16:11:00,COMPLETED
21,18,51,MAINTENANCE,3,2026-08-05 11:00:00,2026-08-06 07:00:00,COMPLETED
22,1,43,WATER,4,2026-08-14 17:15:00,2026-08-17 14:15:00,COMPLETED
23,16,43,MAINTENANCE,1,2026-08-02 19:11:00,2026-08-03 12:11:00,COMPLETED
24,27,48,WATER,2,2026-08-05 10:47:00,2026-08-08 18:47:00,COMPLETED
25,43,39,MEDICAL,1,2026-08-13 20:51:00,2026-08-16 00:51:00,PENDING
26,12,23,PLUMBING,2,2026-08-09 13:51:00,2026-08-10 22:51:00,ASSIGNED
27,11,1,SECURITY,2,2026-08-04 07:06:00,2026-08-06 16:06:00,IN_PROGRESS
28,1,16,CLEANING,1,2026-08-15 14:36:00,2026-08-18 20:36:00,PENDING
29,5,21,ELECTRICAL,3,2026-08-07 07:56:00,2026-08-09 22:56:00,COMPLETED
30,25,36,CATERING,5,2026-08-09 17:22:00,2026-08-12 13:22:00,COMPLETED
31,47,19,CLEANING,3,2026-08-05 19:00:00,2026-08-08 02:00:00,PENDING
32,49,46,PLUMBING,2,2026-08-05 18:08:00,2026-08-08 11:08:00,PENDING
33,8,35,ELECTRICAL,3,2026-08-02 10:43:00,2026-08-04 23:43:00,PENDING
34,9,33,TRANSPORT,3,2026-08-04 16:58:00,2026-08-06 22:58:00,IN_PROGRESS
35,4,7,MAINTENANCE,4,2026-08-13 14:46:00,2026-08-14 05:46:00,COMPLETED
36,35,26,MEDICAL,4,2026-08-09 09:32:00,2026-08-12 19:32:00,CANCELLED
37,10,30,MEDICAL,1,2026-08-13 10:48:00,2026-08-15 12:48:00,IN_PROGRESS
38,44,42,IT_SUPPORT,2,2026-08-02 06:28:00,2026-08-03 22:28:00,IN_PROGRESS
39,29,22,WATER,5,2026-08-08 16:23:00,2026-08-09 11:23:00,PENDING
40,11,8,PLUMBING,2,2026-08-06 13:55:00,2026-08-07 08:55:00,IN_PROGRESS
41,41,19,MEDICAL,1,2026-08-15 19:50:00,2026-08-16 11:50:00,IN_PROGRESS
42,40,22,MAINTENANCE,5,2026-08-06 17:48:00,2026-08-08 05:48:00,PENDING
43,48,29,CATERING,1,2026-08-06 16:52:00,2026-08-08 11:52:00,IN_PROGRESS
44,5,19,MEDICAL,1,2026-08-12 09:07:00,2026-08-14 04:07:00,COMPLETED
45,44,21,CATERING,2,2026-08-04 17:02:00,2026-08-05 13:02:00,IN_PROGRESS
46,36,28,CATERING,4,2026-08-10 09:48:00,2026-08-11 02:48:00,PENDING
47,52,26,MAINTENANCE,1,2026-08-08 12:07:00,2026-08-11 17:07:00,PENDING
48,35,11,CATERING,5,2026-08-05 13:58:00,2026-08-06 06:58:00,IN_PROGRESS
49,35,44,CLEANING,2,2026-08-14 14:45:00,2026-08-16 02:45:00,ASSIGNED
50,21,45,ELECTRICAL,4,2026-08-11 11:15:00,2026-08-13 05:15:00,COMPLETED
51,35,6,ELECTRICAL,4,2026-08-14 13:00:00,2026-08-17 22:00:00,PENDING
52,14,31,CATERING,2,2026-08-09 08:01:00,2026-08-12 13:01:00,CANCELLED
53,34,30,CLEANING,4,2026-08-12 18:21:00,2026-08-15 00:21:00,CANCELLED
54,14,28,CLEANING,5,2026-08-14 14:58:00,2026-08-17 23:58:00,ASSIGNED
55,29,2,MAINTENANCE,3,2026-08-04 18:20:00,2026-08-06 20:20:00,IN_PROGRESS
56,17,22,MEDICAL,5,2026-08-03 07:41:00,2026-08-04 03:41:00,PENDING
57,7,28,CLEANING,5,2026-08-12 08:34:00,2026-08-13 10:34:00,PENDING
58,16,26,WATER,2,2026-08-10 11:58:00,2026-08-12 08:58:00,ASSIGNED
59,39,44,IT_SUPPORT,4,2026-08-13 10:29:00,2026-08-16 04:29:00,COMPLETED
60,40,41,MEDICAL,2,2026-08-07 13:46:00,2026-08-09 00:46:00,COMPLETED
61,40,17,TRANSPORT,2,2026-08-01 19:30:00,2026-08-03 08:30:00,COMPLETED
62,38,41,PLUMBING,4,2026-08-06 10:50:00,2026-08-09 07:50:00,ASSIGNED
63,36,44,CLEANING,1,2026-08-07 13:14:00,2026-08-09 09:14:00,PENDING
64,31,22,PLUMBING,2,2026-08-11 12:50:00,2026-08-13 02:50:00,CANCELLED
65,40,49,MAINTENANCE,1,2026-08-03 20:47:00,2026-08-05 16:47:00,PENDING
66,36,2,CATERING,1,2026-08-15 19:49:00,2026-08-18 14:49:00,IN_PROGRESS
67,36,4,IT_SUPPORT,3,2026-08-03 10:48:00,2026-08-05 06:48:00,CANCELLED
68,24,25,MAINTENANCE,1,2026-08-11 17:41:00,2026-08-13 19:41:00,ASSIGNED
69,38,34,CATERING,4,2026-08-07 14:50:00,2026-08-10 23:50:00,COMPLETED
70,31,52,CLEANING,1,2026-08-04 16:18:00,2026-08-07 12:18:00,COMPLETED
71,9,8,IT_SUPPORT,5,2026-08-11 09:53:00,2026-08-13 16:53:00,PENDING
72,13,22,ELECTRICAL,3,2026-08-12 06:32:00,2026-08-15 09:32:00,IN_PROGRESS
73,25,45,MEDICAL,1,2026-08-06 12:01:00,2026-08-07 05:01:00,CANCELLED
74,24,1,CLEANING,1,2026-08-05 14:59:00,2026-08-07 18:59:00,PENDING
75,36,18,IT_SUPPORT,1,2026-08-09 08:10:00,2026-08-10 17:10:00,PENDING
76,9,25,IT_SUPPORT,2,2026-08-06 10:52:00,2026-08-08 23:52:00,PENDING
77,10,46,WATER,2,2026-08-11 09:55:00,2026-08-13 14:55:00,PENDING
78,2,51,WATER,5,2026-08-14 08:12:00,2026-08-15 22:12:00,PENDING
79,15,1,IT_SUPPORT,3,2026-08-13 20:23:00,2026-08-14 14:23:00,CANCELLED
80,37,27,TRANSPORT,5,2026-08-01 17:36:00,2026-08-03 04:36:00,ASSIGNED
81,14,29,ELECTRICAL,1,2026-08-04 08:44:00,2026-08-07 18:44:00,PENDING
82,6,42,ELECTRICAL,2,2026-08-15 08:13:00,2026-08-16 19:13:00,COMPLETED
83,44,42,ELECTRICAL,2,2026-08-08 13:58:00,2026-08-11 07:58:00,PENDING
84,28,45,IT_SUPPORT,2,2026-08-15 16:11:00,2026-08-17 01:11:00,COMPLETED
85,12,32,IT_SUPPORT,3,2026-08-13 19:39:00,2026-08-16 15:39:00,COMPLETED
86,31,25,ELECTRICAL,4,2026-08-08 12:43:00,2026-08-10 03:43:00,COMPLETED
87,12,47,PLUMBING,2,2026-08-11 09:10:00,2026-08-13 18:10:00,PENDING
88,51,38,WATER,5,2026-08-08 09:05:00,2026-08-09 18:05:00,IN_PROGRESS
89,45,16,PLUMBING,5,2026-08-08 06:58:00,2026-08-11 00:58:00,IN_PROGRESS
90,52,32,ELECTRICAL,4,2026-08-07 10:37:00,2026-08-09 04:37:00,COMPLETED
91,40,7,MEDICAL,4,2026-08-14 18:40:00,2026-08-15 23:40:00,PENDING
92,20,25,MEDICAL,1,2026-08-13 19:58:00,2026-08-14 13:58:00,COMPLETED
93,14,38,ELECTRICAL,2,2026-08-06 19:06:00,2026-08-08 00:06:00,COMPLETED
94,39,22,WATER,5,2026-08-11 06:13:00,2026-08-12 21:13:00,ASSIGNED
95,48,38,CATERING,1,2026-08-08 11:42:00,2026-08-11 23:42:00,ASSIGNED
96,32,29,MAINTENANCE,2,2026-08-08 11:26:00,2026-08-10 23:26:00,CANCELLED
97,30,36,PLUMBING,4,2026-08-10 06:30:00,2026-08-11 10:30:00,CANCELLED
98,39,52,MAINTENANCE,2,2026-08-06 13:09:00,2026-08-09 05:09:00,PENDING
99,9,15,ELECTRICAL,5,2026-08-01 08:14:00,2026-08-03 16:14:00,ASSIGNED
100,30,41,CATERING,4,2026-08-13 09:43:00,2026-08-16 21:43:00,ASSIGNED
101,44,22,WATER,4,2026-08-10 15:24:00,2026-08-13 17:24:00,CANCELLED
102,13,37,WATER,3,2026-08-13 10:49:00,2026-08-14 00:49:00,ASSIGNED
103,42,8,PLUMBING,4,2026-08-06 20:27:00,2026-08-08 07:27:00,PENDING
104,42,12,MEDICAL,2,2026-08-03 17:32:00,2026-08-04 23:32:00,ASSIGNED
105,40,19,SECURITY,2,2026-08-02 18:01:00,2026-08-03 13:01:00,IN_PROGRESS
106,22,31,MEDICAL,1,2026-08-11 16:25:00,2026-08-14 23:25:00,COMPLETED
107,9,50,CLEANING,5,2026-08-03 06:29:00,2026-08-05 14:29:00,PENDING
108,39,31,PLUMBING,2,2026-08-11 12:49:00,2026-08-13 03:49:00,ASSIGNED
109,49,23,CATERING,5,2026-08-11 09:56:00,2026-08-12 21:56:00,ASSIGNED
110,18,30,PLUMBING,3,2026-08-04 18:55:00,2026-08-06 23:55:00,PENDING
111,20,26,WATER,5,2026-08-12 18:39:00,2026-08-13 02:39:00,PENDING
112,46,41,SECURITY,4,2026-08-11 17:22:00,2026-08-13 23:22:00,CANCELLED
113,5,16,TRANSPORT,5,2026-08-11 08:36:00,2026-08-12 10:36:00,COMPLETED
114,28,21,CLEANING,3,2026-08-02 12:43:00,2026-08-05 16:43:00,COMPLETED
115,30,48,ELECTRICAL,2,2026-08-10 14:16:00,2026-08-11 09:16:00,ASSIGNED
116,23,11,MEDICAL,5,2026-08-02 13:51:00,2026-08-03 03:51:00,PENDING
117,18,1,CLEANING,4,2026-08-08 10:42:00,2026-08-10 16:42:00,PENDING
118,32,18,SECURITY,2,2026-08-03 12:41:00,2026-08-04 16:41:00,COMPLETED
119,21,22,CATERING,3,2026-08-02 08:12:00,2026-08-04 10:12:00,CANCELLED
120,45,34,CATERING,4,2026-08-04 19:24:00,2026-08-06 23:24:00,PENDING
121,30,29,IT_SUPPORT,3,2026-08-13 07:53:00,2026-08-16 01:53:00,COMPLETED
122,42,33,PLUMBING,4,2026-08-13 19:28:00,2026-08-16 08:28:00,PENDING
123,7,32,MEDICAL,1,2026-08-15 18:39:00,2026-08-16 01:39:00,PENDING
124,5,47,SECURITY,5,2026-08-12 06:38:00,2026-08-13 14:38:00,ASSIGNED
125,40,23,MAINTENANCE,2,2026-08-11 18:50:00,2026-08-12 04:50:00,ASSIGNED
126,2,45,MAINTENANCE,3,2026-08-14 11:19:00,2026-08-17 18:19:00,PENDING
127,38,29,CATERING,4,2026-08-09 06:23:00,2026-08-12 10:23:00,ASSIGNED
128,18,29,PLUMBING,4,2026-08-06 08:07:00,2026-08-09 15:07:00,PENDING
129,43,45,ELECTRICAL,4,2026-08-01 09:46:00,2026-08-04 05:46:00,ASSIGNED
130,38,41,WATER,1,2026-08-10 09:52:00,2026-08-12 00:52:00,COMPLETED
131,22,47,MAINTENANCE,5,2026-08-02 13:52:00,2026-08-04 16:52:00,COMPLETED
132,13,22,IT_SUPPORT,2,2026-08-07 19:40:00,2026-08-10 10:40:00,ASSIGNED
133,16,26,TRANSPORT,4,2026-08-11 14:46:00,2026-08-14 19:46:00,PENDING
134,16,36,MEDICAL,4,2026-08-09 19:41:00,2026-08-12 07:41:00,IN_PROGRESS
135,19,23,ELECTRICAL,1,2026-08-03 10:10:00,2026-08-05 01:10:00,COMPLETED
136,29,49,WATER,2,2026-08-05 19:52:00,2026-08-07 02:52:00,IN_PROGRESS
137,38,51,MAINTENANCE,5,2026-08-07 14:11:00,2026-08-10 05:11:00,IN_PROGRESS
138,10,42,CLEANING,1,2026-08-15 18:40:00,2026-08-18 07:40:00,ASSIGNED
139,21,14,MEDICAL,3,2026-08-09 11:53:00,2026-08-12 19:53:00,COMPLETED
140,3,15,CATERING,5,2026-08-13 11:15:00,2026-08-16 03:15:00,COMPLETED
141,6,11,ELECTRICAL,1,2026-08-09 17:31:00,2026-08-12 03:31:00,ASSIGNED
142,13,1,ELECTRICAL,5,2026-08-03 12:42:00,2026-08-06 21:42:00,PENDING
143,35,18,IT_SUPPORT,5,2026-08-07 19:12:00,2026-08-09 01:12:00,IN_PROGRESS
144,32,42,MAINTENANCE,5,2026-08-05 08:22:00,2026-08-06 03:22:00,COMPLETED
145,45,9,CLEANING,5,2026-08-07 06:25:00,2026-08-10 01:25:00,ASSIGNED
146,36,29,CATERING,4,2026-08-15 17:33:00,2026-08-18 08:33:00,COMPLETED
147,28,5,CLEANING,5,2026-08-13 12:53:00,2026-08-16 01:53:00,CANCELLED
148,5,32,ELECTRICAL,3,2026-08-04 13:54:00,2026-08-07 01:54:00,ASSIGNED
149,26,25,CATERING,5,2026-08-14 06:16:00,2026-08-16 03:16:00,IN_PROGRESS
150,33,26,CLEANING,2,2026-08-05 17:41:00,2026-08-07 14:41:00,PENDING
151,8,27,MAINTENANCE,5,2026-08-05 07:43:00,2026-08-06 16:43:00,ASSIGNED
152,45,40,SECURITY,2,2026-08-03 06:31:00,2026-08-05 03:31:00,COMPLETED
153,8,21,PLUMBING,1,2026-08-06 14:12:00,2026-08-08 19:12:00,ASSIGNED
154,42,18,ELECTRICAL,3,2026-08-05 20:18:00,2026-08-08 08:18:00,COMPLETED
155,18,14,MAINTENANCE,3,2026-08-11 18:06:00,2026-08-12 22:06:00,PENDING
156,12,2,IT_SUPPORT,1,2026-08-14 17:35:00,2026-08-15 06:35:00,COMPLETED
157,46,10,ELECTRICAL,5,2026-08-10 13:56:00,2026-08-13 10:56:00,PENDING
158,39,45,MAINTENANCE,1,2026-08-08 19:17:00,2026-08-10 04:17:00,ASSIGNED
159,26,4,CLEANING,5,2026-08-04 17:42:00,2026-08-06 07:42:00,IN_PROGRESS
160,21,9,MAINTENANCE,4,2026-08-15 08:24:00,2026-08-16 03:24:00,PENDING
161,48,12,MAINTENANCE,5,2026-08-08 11:53:00,2026-08-10 02:53:00,CANCELLED
162,25,10,WATER,1,2026-08-04 18:44:00,2026-08-07 09:44:00,COMPLETED
163,43,16,MEDICAL,3,2026-08-12 14:44:00,2026-08-14 19:44:00,ASSIGNED
164,25,5,CATERING,2,2026-08-09 10:55:00,2026-08-11 19:55:00,COMPLETED
165,47,13,PLUMBING,4,2026-08-01 08:22:00,2026-08-02 21:22:00,PENDING
166,22,24,CATERING,5,2026-08-06 15:58:00,2026-08-09 20:58:00,CANCELLED
167,33,29,MEDICAL,2,2026-08-08 11:39:00,2026-08-10 23:39:00,CANCELLED
168,47,13,CATERING,4,2026-08-15 14:21:00,2026-08-17 00:21:00,IN_PROGRESS
169,11,38,WATER,1,2026-08-14 06:33:00,2026-08-16 01:33:00,CANCELLED
170,16,13,SECURITY,3,2026-08-04 11:56:00,2026-08-06 15:56:00,COMPLETED
171,29,41,CLEANING,4,2026-08-04 08:53:00,2026-08-07 05:53:00,COMPLETED
172,14,20,MEDICAL,3,2026-08-11 19:45:00,2026-08-12 06:45:00,ASSIGNED
173,43,7,WATER,3,2026-08-10 15:55:00,2026-08-11 03:55:00,COMPLETED
174,34,41,CLEANING,4,2026-08-01 12:14:00,2026-08-02 05:14:00,COMPLETED
175,8,41,CATERING,1,2026-08-11 19:58:00,2026-08-14 11:58:00,ASSIGNED
176,31,37,MAINTENANCE,4,2026-08-13 12:03:00,2026-08-16 09:03:00,COMPLETED
177,13,39,MEDICAL,2,2026-08-02 13:54:00,2026-08-04 01:54:00,ASSIGNED
178,35,32,CLEANING,4,2026-08-06 06:34:00,2026-08-08 01:34:00,COMPLETED
179,36,11,CLEANING,1,2026-08-01 20:40:00,2026-08-04 15:40:00,COMPLETED
180,19,18,MEDICAL,1,2026-08-08 11:31:00,2026-08-09 13:31:00,PENDING
181,1,24,MAINTENANCE,2,2026-08-11 20:14:00,2026-08-13 04:14:00,COMPLETED
182,44,25,TRANSPORT,2,2026-08-15 06:18:00,2026-08-16 13:18:00,PENDING
183,42,6,IT_SUPPORT,5,2026-08-15 11:24:00,2026-08-16 17:24:00,CANCELLED
184,27,21,CATERING,4,2026-08-12 09:01:00,2026-08-13 21:01:00,PENDING
185,36,16,CATERING,1,2026-08-12 19:19:00,2026-08-15 01:19:00,ASSIGNED
186,5,24,ELECTRICAL,5,2026-08-07 19:48:00,2026-08-08 05:48:00,ASSIGNED
187,30,51,MAINTENANCE,2,2026-08-05 12:52:00,2026-08-06 23:52:00,COMPLETED
188,1,14,CATERING,1,2026-08-08 13:35:00,2026-08-10 18:35:00,PENDING
189,1,21,TRANSPORT,4,2026-08-14 06:29:00,2026-08-17 13:29:00,COMPLETED
190,23,41,IT_SUPPORT,1,2026-08-08 16:09:00,2026-08-09 09:09:00,ASSIGNED
191,2,52,CATERING,3,2026-08-07 18:53:00,2026-08-10 03:53:00,CANCELLED
192,17,13,MAINTENANCE,2,2026-08-05 08:55:00,2026-08-07 19:55:00,PENDING
193,50,7,TRANSPORT,4,2026-08-05 09:39:00,2026-08-07 00:39:00,COMPLETED
194,18,22,WATER,5,2026-08-01 06:52:00,2026-08-03 14:52:00,PENDING
195,9,42,SECURITY,2,2026-08-08 08:40:00,2026-08-09 03:40:00,ASSIGNED
196,42,41,IT_SUPPORT,3,2026-08-06 19:56:00,2026-08-09 02:56:00,PENDING
197,9,27,TRANSPORT,4,2026-08-09 19:27:00,2026-08-10 04:27:00,PENDING
198,16,22,TRANSPORT,3,2026-08-01 08:45:00,2026-08-04 12:45:00,PENDING
199,31,24,CATERING,2,2026-08-15 14:43:00,2026-08-16 00:43:00,PENDING
200,4,51,MEDICAL,1,2026-08-14 15:47:00,2026-08-17 08:47:00,COMPLETED
201,39,21,ELECTRICAL,3,2026-08-01 11:44:00,2026-08-02 22:44:00,PENDING
202,8,13,WATER,1,2026-08-10 16:00:00,2026-08-13 06:00:00,PENDING
203,9,12,ELECTRICAL,2,2026-08-04 10:09:00,2026-08-07 22:09:00,ASSIGNED
204,19,51,PLUMBING,3,2026-08-06 08:35:00,2026-08-09 15:35:00,IN_PROGRESS
205,43,24,WATER,2,2026-08-15 18:11:00,2026-08-16 06:11:00,PENDING
206,35,6,MAINTENANCE,4,2026-08-07 13:32:00,2026-08-09 22:32:00,COMPLETED
207,13,43,WATER,1,2026-08-14 08:18:00,2026-08-15 02:18:00,ASSIGNED
208,7,4,SECURITY,1,2026-08-04 16:28:00,2026-08-06 22:28:00,ASSIGNED
209,8,4,CLEANING,2,2026-08-12 09:51:00,2026-08-13 12:51:00,COMPLETED
210,34,51,CATERING,3,2026-08-05 20:42:00,2026-08-07 04:42:00,COMPLETED
211,28,48,MEDICAL,1,2026-08-01 14:42:00,2026-08-02 02:42:00,COMPLETED
212,3,47,SECURITY,5,2026-08-09 08:24:00,2026-08-11 17:24:00,COMPLETED
213,17,7,MEDICAL,1,2026-08-12 08:29:00,2026-08-15 00:29:00,PENDING
214,1,44,SECURITY,2,2026-08-13 09:47:00,2026-08-15 17:47:00,PENDING
215,29,42,IT_SUPPORT,2,2026-08-12 17:34:00,2026-08-14 14:34:00,PENDING
216,30,19,MEDICAL,4,2026-08-08 12:40:00,2026-08-09 19:40:00,COMPLETED
217,6,46,SECURITY,2,2026-08-11 09:35:00,2026-08-14 13:35:00,ASSIGNED
218,21,4,TRANSPORT,1,2026-08-01 13:30:00,2026-08-04 19:30:00,PENDING
219,31,46,ELECTRICAL,3,2026-08-10 16:32:00,2026-08-12 11:32:00,ASSIGNED
220,29,28,TRANSPORT,3,2026-08-01 16:29:00,2026-08-02 06:29:00,IN_PROGRESS
221,9,31,CLEANING,4,2026-08-12 13:19:00,2026-08-13 04:19:00,PENDING
222,47,41,TRANSPORT,2,2026-08-05 09:01:00,2026-08-08 23:01:00,PENDING
223,35,52,MAINTENANCE,4,2026-08-13 18:01:00,2026-08-15 22:01:00,ASSIGNED
224,1,10,MEDICAL,4,2026-08-14 20:23:00,2026-08-15 14:23:00,PENDING
225,18,24,PLUMBING,5,2026-08-09 17:29:00,2026-08-12 22:29:00,COMPLETED
226,35,42,IT_SUPPORT,3,2026-08-14 08:27:00,2026-08-17 02:27:00,CANCELLED
227,25,40,PLUMBING,2,2026-08-15 16:29:00,2026-08-17 01:29:00,ASSIGNED
228,44,42,ELECTRICAL,3,2026-08-11 09:04:00,2026-08-12 14:04:00,PENDING
229,20,12,CLEANING,2,2026-08-11 09:29:00,2026-08-14 01:29:00,COMPLETED
230,28,32,SECURITY,5,2026-08-11 14:29:00,2026-08-13 09:29:00,COMPLETED
231,15,5,CLEANING,5,2026-08-15 18:54:00,2026-08-16 13:54:00,COMPLETED
232,5,12,IT_SUPPORT,5,2026-08-09 09:21:00,2026-08-11 23:21:00,COMPLETED
233,13,42,IT_SUPPORT,4,2026-08-12 09:25:00,2026-08-15 02:25:00,PENDING
234,38,24,SECURITY,2,2026-08-12 10:47:00,2026-08-14 18:47:00,COMPLETED
235,17,16,ELECTRICAL,1,2026-08-10 10:58:00,2026-08-12 19:58:00,ASSIGNED
236,12,46,TRANSPORT,1,2026-08-09 13:25:00,2026-08-12 16:25:00,COMPLETED
237,23,50,CLEANING,4,2026-08-15 15:52:00,2026-08-16 17:52:00,PENDING
238,24,42,MEDICAL,4,2026-08-07 20:58:00,2026-08-09 23:58:00,ASSIGNED
239,14,44,CATERING,2,2026-08-14 18:27:00,2026-08-15 11:27:00,PENDING
240,46,3,CLEANING,3,2026-08-07 11:51:00,2026-08-08 13:51:00,CANCELLED
241,24,36,CATERING,1,2026-08-01 12:36:00,2026-08-02 02:36:00,COMPLETED
242,26,41,IT_SUPPORT,4,2026-08-08 15:21:00,2026-08-09 10:21:00,PENDING
243,10,33,CATERING,4,2026-08-06 12:18:00,2026-08-09 21:18:00,PENDING
244,5,48,CATERING,1,2026-08-01 14:17:00,2026-08-03 22:17:00,ASSIGNED
245,13,11,IT_SUPPORT,1,2026-08-12 07:20:00,2026-08-15 10:20:00,COMPLETED
246,52,39,MAINTENANCE,5,2026-08-12 18:09:00,2026-08-15 10:09:00,IN_PROGRESS
247,7,49,ELECTRICAL,3,2026-08-09 14:10:00,2026-08-11 04:10:00,CANCELLED
248,17,47,WATER,2,2026-08-14 20:00:00,2026-08-16 17:00:00,ASSIGNED
249,3,23,CATERING,3,2026-08-02 11:43:00,2026-08-05 18:43:00,PENDING
250,22,27,WATER,4,2026-08-06 10:19:00,2026-08-07 23:19:00,PENDING
251,48,39,MEDICAL,1,2026-08-08 07:57:00,2026-08-11 04:57:00,COMPLETED
252,43,40,ELECTRICAL,3,2026-08-09 16:21:00,2026-08-10 02:21:00,PENDING
253,44,26,SECURITY,3,2026-08-08 18:08:00,2026-08-09 20:08:00,COMPLETED
254,34,50,ELECTRICAL,4,2026-08-06 10:10:00,2026-08-08 13:10:00,CANCELLED
255,20,49,WATER,3,2026-08-06 15:41:00,2026-08-07 20:41:00,COMPLETED
256,50,1,IT_SUPPORT,2,2026-08-06 12:26:00,2026-08-09 03:26:00,COMPLETED
257,50,46,WATER,2,2026-08-03 18:55:00,2026-08-04 20:55:00,PENDING
258,27,50,MEDICAL,3,2026-08-13 19:46:00,2026-08-16 21:46:00,COMPLETED
259,6,43,PLUMBING,2,2026-08-10 15:20:00,2026-08-12 23:20:00,CANCELLED
260,46,18,WATER,2,2026-08-01 13:10:00,2026-08-03 21:10:00,IN_PROGRESS
261,39,31,SECURITY,5,2026-08-03 20:45:00,2026-08-04 08:45:00,ASSIGNED
262,34,32,ELECTRICAL,5,2026-08-09 08:57:00,2026-08-11 00:57:00,IN_PROGRESS
263,27,23,WATER,1,2026-08-06 08:12:00,2026-08-09 18:12:00,ASSIGNED
264,39,23,CLEANING,3,2026-08-02 13:30:00,2026-08-05 19:30:00,COMPLETED
265,47,9,PLUMBING,5,2026-08-05 09:30:00,2026-08-08 03:30:00,COMPLETED
266,29,42,IT_SUPPORT,5,2026-08-01 10:50:00,2026-08-02 23:50:00,CANCELLED
267,41,47,WATER,1,2026-08-11 09:06:00,2026-08-12 00:06:00,PENDING
268,33,52,MAINTENANCE,1,2026-08-10 11:27:00,2026-08-13 03:27:00,PENDING
269,35,15,TRANSPORT,3,2026-08-12 20:48:00,2026-08-15 07:48:00,COMPLETED
270,36,14,SECURITY,2,2026-08-14 20:23:00,2026-08-17 00:23:00,PENDING
271,9,11,MEDICAL,4,2026-08-04 14:39:00,2026-08-06 19:39:00,COMPLETED
272,44,51,CATERING,3,2026-08-05 13:50:00,2026-08-06 23:50:00,COMPLETED
273,22,23,ELECTRICAL,5,2026-08-06 11:36:00,2026-08-09 16:36:00,COMPLETED
274,50,36,WATER,3,2026-08-15 12:02:00,2026-08-16 19:02:00,PENDING
275,15,12,CLEANING,5,2026-08-15 16:42:00,2026-08-18 12:42:00,ASSIGNED
276,8,9,SECURITY,2,2026-08-11 16:22:00,2026-08-13 01:22:00,COMPLETED
277,50,39,CLEANING,3,2026-08-11 08:14:00,2026-08-14 21:14:00,COMPLETED
278,24,30,PLUMBING,2,2026-08-08 08:56:00,2026-08-11 04:56:00,COMPLETED
279,35,38,TRANSPORT,4,2026-08-08 18:18:00,2026-08-10 13:18:00,PENDING
280,5,37,PLUMBING,2,2026-08-04 14:46:00,2026-08-07 19:46:00,COMPLETED
281,25,41,SECURITY,1,2026-08-14 14:10:00,2026-08-15 08:10:00,IN_PROGRESS
282,41,22,CLEANING,4,2026-08-04 09:43:00,2026-08-06 13:43:00,COMPLETED
283,45,3,SECURITY,4,2026-08-12 15:36:00,2026-08-15 12:36:00,ASSIGNED
284,2,43,MAINTENANCE,2,2026-08-14 12:58:00,2026-08-17 07:58:00,COMPLETED
285,8,30,SECURITY,3,2026-08-11 10:12:00,2026-08-12 12:12:00,COMPLETED
286,6,42,MEDICAL,5,2026-08-10 16:57:00,2026-08-11 21:57:00,CANCELLED
287,30,12,ELECTRICAL,1,2026-08-12 14:18:00,2026-08-14 22:18:00,COMPLETED
288,40,43,MEDICAL,2,2026-08-11 10:41:00,2026-08-14 13:41:00,ASSIGNED
289,24,25,ELECTRICAL,1,2026-08-05 09:32:00,2026-08-06 22:32:00,PENDING
290,24,37,IT_SUPPORT,5,2026-08-02 19:42:00,2026-08-03 10:42:00,PENDING
291,51,37,ELECTRICAL,2,2026-08-01 10:33:00,2026-08-02 16:33:00,ASSIGNED
292,2,1,MAINTENANCE,4,2026-08-08 07:19:00,2026-08-11 01:19:00,IN_PROGRESS
293,3,6,ELECTRICAL,1,2026-08-06 06:07:00,2026-08-07 11:07:00,COMPLETED
294,31,24,MEDICAL,1,2026-08-08 17:39:00,2026-08-10 21:39:00,CANCELLED
295,36,28,PLUMBING,2,2026-08-03 12:31:00,2026-08-04 23:31:00,CANCELLED
296,31,1,CLEANING,1,2026-08-01 18:48:00,2026-08-03 14:48:00,CANCELLED
297,10,14,ELECTRICAL,3,2026-08-12 14:43:00,2026-08-13 18:43:00,COMPLETED
298,23,36,IT_SUPPORT,5,2026-08-13 13:08:00,2026-08-15 15:08:00,COMPLETED
299,29,6,ELECTRICAL,2,2026-08-04 14:00:00,2026-08-05 11:00:00,COMPLETED
300,49,2,WATER,1,2026-08-13 12:41:00,2026-08-15 00:41:00,IN_PROGRESS
